date,01,02,04,05,06,08,09,10,11,12,13,15,16,17,18,19,20,21,22,23,24,25,26,27,28,29,30,31,32,33,34,35,36,37,38,39,40,41,42,44,45,46,47,48,49,50,51,53,54,55,56,72
2022-02-12,9.0,0.0,53.0,23.0,28.0,27.0,0.0,0.0,0.0,47.0,41.0,0.0,1.0,8.0,31.0,46.0,22.0,11.0,85.0,5.0,6.0,30.0,40.0,20.0,21.0,46.0,13.0,29.0,8.0,9.0,20.0,4.0,27.0,25.0,7.0,26.0,68.0,2.0,50.0,0.0,11.0,18.0,21.0,133.0,3.0,0.0,34.0,8.0,2.0,29.0,2.0,15.0
2022-02-19,21.0,0.0,56.0,22.0,11.0,16.0,1.0,0.0,1.0,47.0,48.0,0.0,1.0,22.0,53.0,40.0,25.0,12.0,170.0,5.0,13.0,43.0,49.0,30.0,25.0,55.0,7.0,32.0,9.0,7.0,22.0,5.0,40.0,34.0,8.0,33.0,74.0,5.0,88.0,1.0,17.0,13.0,26.0,227.0,3.0,0.0,31.0,6.0,4.0,25.0,2.0,7.0
2022-02-26,10.0,1.0,80.0,37.0,23.0,24.0,7.0,0.0,0.0,55.0,44.0,0.0,3.0,26.0,42.0,57.0,34.0,23.0,116.0,2.0,15.0,34.0,50.0,19.0,27.0,50.0,16.0,40.0,9.0,0.0,28.0,4.0,29.0,33.0,0.0,32.0,75.0,4.0,77.0,0.0,13.0,12.0,42.0,323.0,5.0,1.0,27.0,5.0,8.0,29.0,4.0,7.0
2022-03-05,26.0,0.0,80.0,57.0,34.0,21.0,4.0,1.0,1.0,59.0,27.0,0.0,1.0,21.0,59.0,56.0,28.0,23.0,80.0,2.0,23.0,11.0,74.0,28.0,34.0,72.0,21.0,53.0,24.0,2.0,33.0,4.0,57.0,44.0,3.0,53.0,82.0,2.0,68.0,2.0,16.0,30.0,29.0,305.0,9.0,0.0,27.0,13.0,21.0,61.0,4.0,6.0
2022-03-12,35.0,2.0,79.0,60.0,40.0,38.0,8.0,7.0,4.0,47.0,38.0,0.0,13.0,34.0,108.0,54.0,40.0,30.0,62.0,2.0,16.0,23.0,88.0,35.0,33.0,67.0,14.0,43.0,33.0,14.0,30.0,6.0,56.0,55.0,7.0,75.0,119.0,7.0,79.0,0.0,14.0,13.0,28.0,408.0,12.0,0.0,18.0,12.0,21.0,41.0,6.0,23.0
2022-03-19,23.0,1.0,104.0,62.0,51.0,55.0,18.0,4.0,2.0,58.0,35.0,1.0,16.0,58.0,119.0,49.0,31.0,39.0,64.0,1.0,19.0,36.0,119.0,29.0,31.0,90.0,16.0,61.0,41.0,10.0,41.0,15.0,95.0,14.0,5.0,94.0,162.0,18.0,101.0,1.0,14.0,12.0,28.0,592.0,17.0,0.0,32.0,21.0,43.0,53.0,3.0,21.0
2022-03-26,17.0,3.0,120.0,74.0,61.0,82.0,25.0,4.0,4.0,84.0,33.0,0.0,14.0,114.0,125.0,43.0,49.0,42.0,74.0,3.0,30.0,30.0,134.0,37.0,48.0,79.0,19.0,60.0,53.0,7.0,60.0,36.0,90.0,23.0,9.0,104.0,156.0,24.0,109.0,1.0,7.0,5.0,43.0,595.0,6.0,8.0,35.0,24.0,19.0,58.0,7.0,31.0
2022-04-02,25.0,0.0,99.0,56.0,79.0,121.0,26.0,3.0,4.0,78.0,45.0,1.0,19.0,88.0,115.0,36.0,28.0,53.0,63.0,9.0,29.0,78.0,146.0,33.0,25.0,91.0,38.0,25.0,68.0,6.0,80.0,39.0,163.0,28.0,4.0,97.0,165.0,10.0,140.0,3.0,15.0,5.0,38.0,527.0,17.0,9.0,39.0,20.0,37.0,57.0,2.0,26.0
2022-04-09,23.0,2.0,116.0,74.0,96.0,104.0,47.0,7.0,2.0,83.0,33.0,3.0,20.0,105.0,109.0,25.0,32.0,90.0,30.0,11.0,47.0,131.0,160.0,28.0,32.0,77.0,19.0,35.0,110.0,13.0,136.0,43.0,200.0,35.0,4.0,127.0,118.0,14.0,183.0,5.0,18.0,11.0,31.0,352.0,14.0,14.0,35.0,24.0,36.0,44.0,10.0,31.0
2022-04-16,11.0,1.0,93.0,43.0,104.0,139.0,45.0,38.0,2.0,148.0,42.0,9.0,16.0,79.0,93.0,25.0,19.0,105.0,48.0,15.0,51.0,167.0,150.0,27.0,22.0,77.0,14.0,29.0,88.0,17.0,140.0,28.0,231.0,57.0,7.0,133.0,100.0,14.0,189.0,9.0,31.0,4.0,35.0,330.0,16.0,12.0,51.0,32.0,43.0,66.0,8.0,55.0
2022-04-23,25.0,2.0,131.0,34.0,148.0,179.0,52.0,17.0,1.0,141.0,46.0,7.0,17.0,106.0,64.0,20.0,26.0,82.0,44.0,20.0,43.0,176.0,138.0,33.0,16.0,70.0,21.0,16.0,84.0,28.0,126.0,41.0,293.0,45.0,7.0,115.0,76.0,27.0,200.0,10.0,32.0,3.0,34.0,411.0,9.0,12.0,42.0,34.0,39.0,54.0,1.0,74.0
2022-04-30,9.0,1.0,156.0,33.0,213.0,163.0,57.0,7.0,3.0,164.0,36.0,4.0,15.0,97.0,72.0,17.0,19.0,119.0,24.0,30.0,51.0,183.0,136.0,29.0,26.0,55.0,18.0,16.0,59.0,24.0,125.0,51.0,275.0,63.0,3.0,104.0,45.0,23.0,160.0,5.0,29.0,8.0,35.0,171.0,1.0,6.0,57.0,42.0,35.0,64.0,5.0,39.0
2022-05-07,19.0,6.0,170.0,17.0,206.0,258.0,76.0,4.0,2.0,213.0,44.0,2.0,13.0,108.0,49.0,20.0,8.0,109.0,35.0,8.0,46.0,174.0,169.0,32.0,22.0,66.0,20.0,6.0,59.0,21.0,119.0,70.0,241.0,51.0,1.0,99.0,34.0,27.0,149.0,6.0,20.0,3.0,18.0,131.0,12.0,7.0,44.0,60.0,18.0,51.0,4.0,28.0
2022-05-14,12.0,3.0,194.0,28.0,277.0,173.0,70.0,3.0,5.0,278.0,60.0,3.0,16.0,123.0,35.0,17.0,7.0,47.0,32.0,37.0,54.0,162.0,180.0,17.0,25.0,39.0,9.0,4.0,79.0,14.0,95.0,37.0,193.0,37.0,1.0,79.0,47.0,26.0,179.0,8.0,27.0,19.0,30.0,144.0,10.0,3.0,41.0,57.0,16.0,36.0,4.0,27.0
2022-05-21,15.0,18.0,225.0,15.0,355.0,120.0,75.0,4.0,4.0,371.0,55.0,11.0,12.0,98.0,45.0,10.0,7.0,41.0,36.0,36.0,45.0,147.0,140.0,13.0,31.0,33.0,11.0,7.0,99.0,13.0,87.0,61.0,194.0,45.0,1.0,66.0,29.0,36.0,158.0,6.0,37.0,5.0,15.0,129.0,7.0,0.0,35.0,60.0,12.0,26.0,6.0,23.0
2022-05-28,13.0,4.0,199.0,14.0,412.0,87.0,36.0,3.0,4.0,517.0,62.0,9.0,3.0,49.0,31.0,6.0,2.0,22.0,14.0,15.0,29.0,74.0,93.0,12.0,20.0,22.0,14.0,3.0,93.0,6.0,75.0,50.0,163.0,40.0,0.0,45.0,39.0,33.0,83.0,7.0,30.0,3.0,18.0,115.0,1.0,2.0,35.0,67.0,5.0,27.0,6.0,23.0
2022-06-04,13.0,2.0,209.0,17.0,432.0,75.0,20.0,9.0,5.0,665.0,66.0,4.0,10.0,41.0,27.0,6.0,2.0,22.0,19.0,12.0,17.0,39.0,70.0,6.0,23.0,28.0,23.0,6.0,71.0,6.0,52.0,53.0,124.0,22.0,4.0,37.0,33.0,28.0,64.0,6.0,27.0,1.0,20.0,88.0,5.0,0.0,41.0,65.0,5.0,16.0,7.0,28.0
2022-06-11,15.0,6.0,93.0,19.0,391.0,39.0,36.0,6.0,2.0,551.0,48.0,3.0,7.0,16.0,8.0,9.0,2.0,17.0,28.0,57.0,17.0,40.0,35.0,4.0,14.0,17.0,10.0,9.0,89.0,4.0,42.0,23.0,104.0,43.0,2.0,21.0,26.0,18.0,49.0,1.0,25.0,1.0,18.0,76.0,3.0,5.0,40.0,57.0,12.0,15.0,7.0,20.0
2022-06-18,15.0,1.0,55.0,10.0,305.0,25.0,14.0,1.0,2.0,461.0,41.0,4.0,5.0,23.0,18.0,6.0,0.0,5.0,12.0,3.0,21.0,14.0,32.0,10.0,13.0,23.0,1.0,3.0,62.0,1.0,43.0,15.0,92.0,59.0,0.0,20.0,28.0,12.0,40.0,2.0,17.0,1.0,25.0,110.0,1.0,2.0,29.0,44.0,6.0,9.0,4.0,26.0
2022-06-25,7.0,3.0,35.0,16.0,238.0,9.0,6.0,2.0,3.0,302.0,27.0,6.0,2.0,19.0,17.0,5.0,3.0,11.0,11.0,5.0,20.0,10.0,16.0,0.0,23.0,19.0,0.0,6.0,36.0,1.0,23.0,6.0,66.0,58.0,0.0,12.0,28.0,8.0,35.0,1.0,29.0,2.0,15.0,92.0,3.0,0.0,35.0,64.0,5.0,7.0,0.0,16.0
2022-07-02,8.0,2.0,16.0,8.0,193.0,13.0,8.0,0.0,1.0,208.0,35.0,3.0,3.0,7.0,12.0,3.0,4.0,1.0,7.0,2.0,13.0,6.0,11.0,1.0,17.0,11.0,4.0,9.0,24.0,0.0,11.0,12.0,45.0,38.0,0.0,11.0,25.0,3.0,35.0,0.0,11.0,1.0,35.0,80.0,5.0,3.0,39.0,55.0,1.0,8.0,1.0,24.0
2022-07-09,15.0,3.0,14.0,5.0,115.0,11.0,5.0,0.0,2.0,161.0,28.0,3.0,3.0,10.0,8.0,3.0,3.0,6.0,1.0,1.0,12.0,6.0,9.0,2.0,21.0,14.0,2.0,5.0,20.0,1.0,15.0,0.0,36.0,15.0,0.0,6.0,26.0,0.0,32.0,9.0,8.0,0.0,9.0,56.0,0.0,1.0,20.0,31.0,6.0,1.0,2.0,13.0
2022-07-16,33.0,0.0,9.0,19.0,99.0,9.0,3.0,1.0,1.0,124.0,27.0,0.0,4.0,11.0,9.0,0.0,0.0,3.0,4.0,0.0,7.0,6.0,5.0,2.0,20.0,12.0,2.0,7.0,18.0,0.0,17.0,5.0,38.0,41.0,1.0,5.0,24.0,7.0,21.0,1.0,4.0,0.0,7.0,83.0,0.0,1.0,19.0,30.0,6.0,2.0,3.0,15.0
2022-07-23,5.0,0.0,13.0,10.0,61.0,9.0,6.0,0.0,0.0,89.0,28.0,1.0,0.0,4.0,7.0,0.0,2.0,1.0,18.0,1.0,3.0,3.0,7.0,3.0,23.0,25.0,0.0,1.0,4.0,1.0,8.0,4.0,10.0,38.0,2.0,11.0,5.0,1.0,28.0,0.0,26.0,6.0,11.0,82.0,0.0,0.0,33.0,23.0,1.0,0.0,0.0,13.0
2022-07-30,9.0,0.0,15.0,1.0,47.0,8.0,3.0,0.0,0.0,74.0,39.0,2.0,1.0,9.0,10.0,0.0,3.0,6.0,4.0,0.0,3.0,3.0,4.0,3.0,18.0,12.0,0.0,3.0,5.0,1.0,9.0,1.0,17.0,11.0,0.0,7.0,6.0,1.0,26.0,0.0,15.0,8.0,14.0,62.0,1.0,0.0,27.0,13.0,0.0,2.0,2.0,15.0
2022-08-06,9.0,0.0,5.0,3.0,38.0,12.0,3.0,0.0,2.0,69.0,33.0,3.0,2.0,13.0,10.0,1.0,2.0,1.0,6.0,0.0,2.0,5.0,1.0,2.0,19.0,23.0,0.0,3.0,1.0,0.0,16.0,1.0,11.0,1.0,1.0,4.0,22.0,1.0,23.0,0.0,6.0,5.0,17.0,60.0,0.0,0.0,15.0,17.0,0.0,6.0,0.0,10.0
2022-08-13,8.0,1.0,8.0,7.0,39.0,10.0,1.0,0.0,0.0,74.0,19.0,1.0,0.0,11.0,4.0,1.0,1.0,4.0,13.0,2.0,5.0,3.0,3.0,5.0,14.0,12.0,0.0,0.0,0.0,0.0,9.0,10.0,11.0,9.0,3.0,1.0,11.0,2.0,27.0,0.0,6.0,7.0,16.0,64.0,0.0,0.0,28.0,15.0,0.0,1.0,0.0,23.0
2022-08-20,5.0,1.0,14.0,3.0,35.0,10.0,2.0,0.0,0.0,60.0,13.0,1.0,1.0,12.0,11.0,4.0,2.0,3.0,8.0,0.0,6.0,2.0,2.0,0.0,13.0,15.0,1.0,6.0,1.0,0.0,7.0,6.0,16.0,12.0,0.0,10.0,4.0,0.0,38.0,0.0,3.0,7.0,13.0,89.0,1.0,0.0,16.0,12.0,1.0,1.0,0.0,13.0
2022-08-27,10.0,1.0,16.0,3.0,29.0,1.0,8.0,0.0,1.0,65.0,26.0,1.0,0.0,16.0,15.0,1.0,1.0,4.0,11.0,0.0,4.0,3.0,2.0,1.0,13.0,2.0,0.0,9.0,5.0,0.0,12.0,6.0,25.0,11.0,0.0,10.0,8.0,0.0,23.0,0.0,3.0,7.0,15.0,71.0,0.0,0.0,14.0,7.0,0.0,2.0,0.0,20.0
2022-09-03,13.0,0.0,14.0,6.0,33.0,1.0,4.0,1.0,0.0,53.0,20.0,2.0,3.0,10.0,18.0,3.0,0.0,4.0,10.0,0.0,0.0,4.0,1.0,1.0,21.0,8.0,0.0,8.0,7.0,0.0,8.0,17.0,23.0,6.0,1.0,13.0,7.0,0.0,29.0,0.0,9.0,7.0,14.0,95.0,1.0,1.0,24.0,17.0,0.0,3.0,0.0,23.0
2022-09-10,12.0,5.0,4.0,6.0,36.0,2.0,3.0,0.0,0.0,50.0,43.0,1.0,0.0,5.0,26.0,0.0,1.0,8.0,16.0,0.0,3.0,1.0,9.0,1.0,18.0,4.0,0.0,2.0,1.0,0.0,7.0,11.0,15.0,13.0,0.0,16.0,11.0,1.0,37.0,0.0,7.0,7.0,20.0,105.0,1.0,0.0,20.0,10.0,0.0,0.0,0.0,37.0
2022-09-17,22.0,0.0,7.0,5.0,21.0,3.0,5.0,2.0,0.0,79.0,46.0,2.0,0.0,4.0,26.0,1.0,0.0,5.0,19.0,0.0,8.0,3.0,2.0,0.0,36.0,6.0,1.0,9.0,8.0,3.0,10.0,4.0,20.0,17.0,0.0,7.0,12.0,0.0,32.0,0.0,9.0,7.0,17.0,123.0,0.0,0.0,27.0,16.0,1.0,0.0,0.0,39.0
2022-09-24,20.0,0.0,9.0,7.0,35.0,4.0,3.0,0.0,1.0,78.0,55.0,3.0,3.0,15.0,32.0,2.0,1.0,10.0,18.0,0.0,3.0,4.0,7.0,2.0,20.0,8.0,0.0,2.0,11.0,1.0,15.0,6.0,21.0,11.0,1.0,11.0,6.0,2.0,34.0,0.0,17.0,7.0,32.0,215.0,1.0,0.0,16.0,7.0,1.0,4.0,0.0,35.0
2022-10-01,28.0,2.0,10.0,10.0,68.0,3.0,2.0,0.0,0.0,78.0,77.0,4.0,3.0,10.0,38.0,9.0,1.0,4.0,47.0,0.0,6.0,4.0,4.0,2.0,29.0,12.0,2.0,18.0,15.0,1.0,21.0,14.0,28.0,21.0,0.0,15.0,8.0,1.0,45.0,1.0,18.0,10.0,38.0,127.0,0.0,0.0,29.0,11.0,1.0,1.0,0.0,45.0
2022-10-08,42.0,0.0,13.0,22.0,92.0,2.0,2.0,0.0,1.0,113.0,109.0,5.0,1.0,12.0,46.0,6.0,7.0,7.0,67.0,1.0,17.0,6.0,12.0,12.0,60.0,6.0,0.0,20.0,35.0,0.0,24.0,25.0,38.0,20.0,0.0,17.0,6.0,0.0,58.0,1.0,33.0,10.0,39.0,223.0,0.0,1.0,48.0,15.0,5.0,1.0,1.0,33.0
2022-10-15,87.0,5.0,11.0,37.0,87.0,3.0,6.0,0.0,2.0,101.0,144.0,6.0,1.0,28.0,54.0,7.0,4.0,23.0,98.0,0.0,27.0,7.0,15.0,3.0,67.0,10.0,0.0,11.0,15.0,0.0,32.0,23.0,48.0,34.0,1.0,32.0,14.0,3.0,77.0,0.0,42.0,12.0,59.0,308.0,3.0,0.0,53.0,13.0,11.0,2.0,2.0,43.0
2022-10-22,141.0,1.0,24.0,47.0,121.0,14.0,11.0,1.0,5.0,124.0,137.0,3.0,1.0,39.0,69.0,9.0,16.0,13.0,129.0,0.0,43.0,9.0,12.0,14.0,88.0,23.0,0.0,12.0,15.0,1.0,35.0,26.0,43.0,71.0,2.0,33.0,30.0,6.0,91.0,2.0,70.0,13.0,87.0,479.0,6.0,0.0,77.0,21.0,15.0,11.0,2.0,49.0
2022-10-29,271.0,11.0,26.0,77.0,199.0,27.0,36.0,4.0,11.0,241.0,216.0,7.0,1.0,106.0,103.0,15.0,19.0,66.0,235.0,3.0,105.0,15.0,48.0,37.0,148.0,49.0,3.0,12.0,12.0,0.0,67.0,53.0,106.0,185.0,2.0,105.0,57.0,5.0,166.0,0.0,156.0,9.0,122.0,702.0,12.0,1.0,172.0,33.0,56.0,15.0,4.0,52.0
2022-11-05,402.0,15.0,79.0,134.0,416.0,35.0,38.0,10.0,33.0,290.0,250.0,7.0,16.0,155.0,141.0,16.0,34.0,124.0,221.0,3.0,156.0,30.0,55.0,83.0,260.0,66.0,6.0,31.0,35.0,3.0,166.0,87.0,190.0,283.0,6.0,196.0,47.0,32.0,228.0,3.0,248.0,9.0,231.0,957.0,6.0,0.0,307.0,43.0,89.0,33.0,7.0,90.0
2022-11-12,353.0,14.0,134.0,203.0,858.0,58.0,52.0,13.0,44.0,453.0,263.0,21.0,11.0,256.0,136.0,20.0,44.0,223.0,227.0,8.0,214.0,41.0,88.0,165.0,244.0,105.0,11.0,24.0,92.0,3.0,295.0,146.0,278.0,351.0,10.0,257.0,74.0,51.0,345.0,6.0,256.0,13.0,311.0,1108.0,12.0,1.0,339.0,89.0,127.0,45.0,10.0,88.0
2022-11-19,262.0,36.0,308.0,214.0,1499.0,107.0,103.0,53.0,35.0,517.0,236.0,15.0,56.0,386.0,235.0,37.0,64.0,291.0,237.0,14.0,210.0,73.0,165.0,243.0,250.0,222.0,13.0,31.0,162.0,9.0,320.0,162.0,495.0,369.0,13.0,311.0,150.0,113.0,408.0,3.0,228.0,24.0,285.0,1168.0,8.0,2.0,262.0,239.0,136.0,88.0,36.0,65.0
2022-11-26,268.0,65.0,570.0,407.0,2631.0,157.0,183.0,39.0,57.0,743.0,258.0,12.0,141.0,801.0,457.0,104.0,153.0,521.0,330.0,33.0,308.0,175.0,290.0,382.0,272.0,488.0,44.0,60.0,265.0,9.0,513.0,169.0,789.0,430.0,22.0,560.0,344.0,376.0,701.0,14.0,215.0,58.0,471.0,1798.0,29.0,13.0,380.0,536.0,189.0,235.0,37.0,73.0
2022-12-03,417.0,53.0,799.0,466.0,3159.0,163.0,426.0,86.0,65.0,921.0,342.0,9.0,183.0,1102.0,831.0,208.0,301.0,849.0,452.0,100.0,411.0,451.0,459.0,443.0,268.0,849.0,65.0,104.0,478.0,29.0,995.0,345.0,1325.0,638.0,49.0,954.0,771.0,542.0,1299.0,22.0,245.0,73.0,687.0,2182.0,34.0,31.0,495.0,732.0,318.0,459.0,69.0,77.0
2022-12-10,256.0,73.0,779.0,346.0,2435.0,235.0,394.0,30.0,40.0,789.0,209.0,13.0,185.0,956.0,843.0,231.0,255.0,673.0,382.0,119.0,325.0,544.0,591.0,345.0,179.0,828.0,100.0,122.0,445.0,65.0,756.0,407.0,1496.0,395.0,34.0,957.0,812.0,650.0,1186.0,54.0,160.0,84.0,486.0,1775.0,60.0,45.0,368.0,681.0,246.0,479.0,41.0,73.0
2022-12-17,176.0,51.0,568.0,251.0,1614.0,255.0,395.0,25.0,19.0,846.0,179.0,14.0,286.0,733.0,731.0,325.0,219.0,429.0,180.0,182.0,261.0,659.0,894.0,247.0,142.0,749.0,99.0,166.0,318.0,76.0,606.0,341.0,1733.0,319.0,66.0,972.0,766.0,686.0,1045.0,41.0,149.0,97.0,258.0,1533.0,41.0,56.0,286.0,740.0,199.0,483.0,39.0,61.0
2022-12-24,152.0,43.0,580.0,201.0,1596.0,399.0,270.0,29.0,16.0,1024.0,158.0,29.0,203.0,578.0,615.0,328.0,182.0,281.0,155.0,211.0,231.0,760.0,1123.0,162.0,86.0,559.0,60.0,140.0,226.0,117.0,522.0,359.0,1517.0,298.0,72.0,799.0,679.0,451.0,1047.0,57.0,118.0,84.0,226.0,1302.0,63.0,64.0,269.0,404.0,155.0,458.0,50.0,114.0
2022-12-31,147.0,43.0,656.0,204.0,1423.0,315.0,241.0,42.0,30.0,1244.0,184.0,34.0,223.0,555.0,566.0,320.0,185.0,243.0,166.0,192.0,225.0,765.0,1137.0,177.0,120.0,636.0,91.0,144.0,179.0,141.0,476.0,285.0,1309.0,299.0,82.0,706.0,708.0,361.0,1101.0,49.0,157.0,59.0,248.0,1413.0,83.0,81.0,279.0,384.0,172.0,484.0,51.0,60.0
2023-01-07,123.0,32.0,386.0,158.0,913.0,158.0,170.0,45.0,17.0,1325.0,189.0,10.0,112.0,433.0,361.0,218.0,125.0,133.0,171.0,126.0,157.0,489.0,714.0,80.0,88.0,405.0,60.0,99.0,116.0,108.0,343.0,177.0,956.0,222.0,72.0,489.0,503.0,152.0,809.0,36.0,161.0,69.0,174.0,1246.0,66.0,51.0,233.0,231.0,148.0,332.0,30.0,52.0
2023-01-14,99.0,7.0,163.0,105.0,411.0,99.0,79.0,12.0,5.0,702.0,108.0,9.0,46.0,173.0,173.0,96.0,54.0,63.0,85.0,57.0,101.0,251.0,320.0,47.0,57.0,189.0,39.0,63.0,37.0,47.0,166.0,53.0,517.0,131.0,52.0,194.0,274.0,65.0,452.0,9.0,79.0,15.0,100.0,764.0,22.0,12.0,119.0,144.0,48.0,171.0,16.0,84.0
2023-01-21,57.0,7.0,118.0,65.0,208.0,37.0,36.0,6.0,8.0,593.0,80.0,0.0,35.0,68.0,100.0,43.0,40.0,35.0,83.0,29.0,67.0,131.0,171.0,29.0,52.0,100.0,16.0,55.0,21.0,23.0,102.0,29.0,309.0,63.0,28.0,122.0,168.0,32.0,303.0,16.0,58.0,12.0,69.0,491.0,22.0,10.0,72.0,86.0,14.0,108.0,13.0,47.0
2023-01-28,42.0,5.0,57.0,44.0,126.0,26.0,33.0,6.0,7.0,423.0,71.0,9.0,17.0,73.0,71.0,47.0,21.0,32.0,42.0,14.0,39.0,76.0,84.0,18.0,35.0,72.0,9.0,22.0,11.0,19.0,79.0,21.0,236.0,41.0,24.0,72.0,94.0,11.0,235.0,10.0,41.0,15.0,41.0,347.0,7.0,5.0,60.0,66.0,21.0,51.0,5.0,57.0
2023-02-04,35.0,3.0,62.0,20.0,115.0,38.0,15.0,10.0,8.0,354.0,204.0,8.0,3.0,28.0,41.0,13.0,12.0,16.0,94.0,10.0,51.0,58.0,87.0,16.0,29.0,50.0,9.0,6.0,4.0,4.0,38.0,9.0,145.0,40.0,9.0,58.0,86.0,10.0,193.0,4.0,40.0,15.0,43.0,281.0,7.0,3.0,62.0,42.0,22.0,22.0,6.0,54.0
2023-02-11,29.0,1.0,56.0,33.0,93.0,27.0,15.0,1.0,5.0,300.0,83.0,10.0,4.0,31.0,41.0,15.0,9.0,29.0,50.0,6.0,41.0,59.0,56.0,7.0,21.0,41.0,2.0,2.0,11.0,8.0,26.0,8.0,104.0,55.0,16.0,49.0,54.0,7.0,180.0,1.0,46.0,9.0,28.0,270.0,7.0,0.0,64.0,47.0,16.0,23.0,2.0,77.0
2023-02-18,30.0,2.0,38.0,25.0,73.0,17.0,14.0,1.0,5.0,235.0,75.0,4.0,8.0,28.0,33.0,9.0,3.0,22.0,33.0,4.0,26.0,39.0,60.0,10.0,28.0,42.0,6.0,6.0,12.0,4.0,53.0,3.0,87.0,46.0,10.0,47.0,45.0,4.0,194.0,2.0,43.0,16.0,57.0,241.0,12.0,2.0,57.0,31.0,9.0,11.0,2.0,44.0
2023-02-25,29.0,5.0,43.0,30.0,79.0,13.0,17.0,0.0,4.0,215.0,60.0,5.0,3.0,31.0,42.0,11.0,8.0,7.0,22.0,0.0,26.0,21.0,54.0,6.0,32.0,36.0,3.0,9.0,3.0,2.0,41.0,11.0,55.0,28.0,9.0,24.0,33.0,6.0,168.0,2.0,41.0,4.0,43.0,208.0,4.0,2.0,61.0,38.0,14.0,6.0,0.0,32.0
2023-03-04,15.0,2.0,49.0,33.0,62.0,19.0,10.0,5.0,2.0,178.0,54.0,1.0,3.0,24.0,45.0,6.0,4.0,11.0,25.0,4.0,13.0,15.0,51.0,8.0,34.0,39.0,6.0,6.0,4.0,2.0,31.0,16.0,49.0,34.0,5.0,23.0,32.0,5.0,169.0,1.0,29.0,7.0,41.0,171.0,3.0,1.0,57.0,58.0,9.0,7.0,1.0,22.0
2023-03-11,17.0,4.0,43.0,23.0,47.0,9.0,19.0,1.0,2.0,179.0,51.0,3.0,4.0,16.0,32.0,12.0,6.0,15.0,22.0,0.0,16.0,18.0,36.0,5.0,32.0,35.0,3.0,14.0,3.0,4.0,22.0,5.0,56.0,25.0,5.0,26.0,19.0,6.0,176.0,0.0,31.0,15.0,27.0,157.0,7.0,5.0,40.0,47.0,4.0,10.0,2.0,16.0
2023-03-18,22.0,1.0,55.0,15.0,60.0,12.0,10.0,0.0,2.0,211.0,54.0,4.0,6.0,12.0,35.0,7.0,7.0,26.0,17.0,5.0,10.0,20.0,33.0,6.0,22.0,24.0,2.0,11.0,6.0,10.0,22.0,3.0,67.0,32.0,11.0,34.0,29.0,9.0,154.0,1.0,21.0,16.0,29.0,159.0,3.0,2.0,60.0,28.0,8.0,6.0,2.0,11.0
2023-03-25,19.0,3.0,36.0,18.0,36.0,10.0,13.0,2.0,2.0,158.0,62.0,1.0,3.0,30.0,21.0,7.0,6.0,14.0,23.0,1.0,21.0,19.0,21.0,4.0,16.0,32.0,1.0,9.0,8.0,9.0,44.0,3.0,106.0,20.0,0.0,29.0,23.0,3.0,154.0,2.0,24.0,20.0,31.0,131.0,3.0,4.0,50.0,28.0,16.0,9.0,0.0,25.0
2023-04-01,27.0,1.0,23.0,27.0,29.0,6.0,12.0,2.0,10.0,165.0,53.0,7.0,3.0,37.0,39.0,4.0,9.0,16.0,27.0,4.0,9.0,13.0,17.0,10.0,19.0,29.0,1.0,10.0,4.0,9.0,39.0,9.0,75.0,12.0,0.0,33.0,20.0,4.0,105.0,0.0,20.0,13.0,45.0,156.0,3.0,0.0,50.0,32.0,9.0,4.0,1.0,42.0
2023-04-08,17.0,2.0,40.0,15.0,45.0,7.0,22.0,0.0,4.0,185.0,49.0,3.0,5.0,25.0,18.0,2.0,5.0,19.0,18.0,3.0,12.0,11.0,25.0,12.0,26.0,29.0,0.0,3.0,4.0,6.0,39.0,1.0,78.0,22.0,7.0,12.0,23.0,5.0,65.0,0.0,24.0,13.0,29.0,128.0,6.0,0.0,54.0,26.0,7.0,10.0,2.0,33.0
2023-04-15,16.0,2.0,46.0,17.0,33.0,18.0,11.0,0.0,3.0,130.0,29.0,1.0,2.0,37.0,17.0,5.0,7.0,23.0,14.0,0.0,13.0,10.0,16.0,12.0,16.0,18.0,0.0,6.0,8.0,0.0,45.0,4.0,75.0,25.0,5.0,25.0,19.0,3.0,66.0,1.0,22.0,5.0,25.0,126.0,3.0,1.0,35.0,27.0,7.0,9.0,3.0,34.0
2023-04-22,20.0,1.0,37.0,8.0,37.0,12.0,8.0,0.0,3.0,152.0,44.0,2.0,3.0,25.0,10.0,0.0,2.0,12.0,21.0,5.0,10.0,9.0,8.0,8.0,33.0,19.0,2.0,7.0,0.0,1.0,35.0,8.0,47.0,13.0,3.0,18.0,15.0,1.0,82.0,1.0,21.0,4.0,22.0,102.0,6.0,0.0,45.0,18.0,4.0,5.0,0.0,33.0
2023-04-29,11.0,0.0,41.0,11.0,26.0,9.0,9.0,1.0,1.0,137.0,43.0,1.0,7.0,19.0,18.0,12.0,2.0,4.0,20.0,0.0,10.0,9.0,7.0,12.0,16.0,26.0,0.0,4.0,4.0,2.0,13.0,2.0,37.0,10.0,5.0,19.0,21.0,5.0,80.0,1.0,27.0,4.0,18.0,110.0,0.0,2.0,31.0,14.0,5.0,0.0,1.0,36.0
2023-05-06,4.0,5.0,34.0,9.0,22.0,7.0,7.0,0.0,0.0,128.0,33.0,0.0,5.0,24.0,21.0,5.0,2.0,16.0,10.0,2.0,15.0,10.0,17.0,19.0,21.0,27.0,0.0,2.0,7.0,3.0,21.0,1.0,52.0,7.0,7.0,17.0,10.0,2.0,47.0,0.0,17.0,7.0,24.0,197.0,4.0,0.0,52.0,13.0,4.0,7.0,2.0,47.0
2023-05-13,14.0,1.0,55.0,12.0,33.0,7.0,6.0,1.0,1.0,132.0,50.0,1.0,9.0,30.0,18.0,5.0,2.0,15.0,18.0,4.0,11.0,18.0,17.0,13.0,24.0,21.0,0.0,4.0,6.0,1.0,21.0,1.0,54.0,16.0,2.0,17.0,15.0,0.0,62.0,4.0,23.0,7.0,15.0,99.0,6.0,0.0,44.0,10.0,5.0,5.0,1.0,43.0
2023-05-20,10.0,0.0,55.0,9.0,24.0,9.0,9.0,0.0,2.0,140.0,30.0,3.0,1.0,25.0,19.0,3.0,4.0,11.0,17.0,5.0,5.0,13.0,13.0,8.0,22.0,22.0,2.0,2.0,3.0,0.0,15.0,4.0,50.0,11.0,13.0,218.0,23.0,2.0,54.0,0.0,21.0,3.0,14.0,97.0,4.0,2.0,35.0,13.0,9.0,2.0,1.0,59.0
2023-05-27,11.0,0.0,65.0,14.0,23.0,10.0,12.0,0.0,6.0,141.0,37.0,0.0,2.0,37.0,16.0,4.0,3.0,11.0,11.0,2.0,6.0,10.0,18.0,3.0,20.0,8.0,3.0,7.0,6.0,4.0,20.0,3.0,61.0,5.0,3.0,14.0,20.0,3.0,57.0,3.0,17.0,3.0,27.0,106.0,5.0,0.0,50.0,15.0,10.0,2.0,0.0,60.0
2023-06-03,25.0,3.0,65.0,6.0,48.0,5.0,4.0,3.0,3.0,148.0,46.0,4.0,2.0,22.0,15.0,0.0,4.0,5.0,14.0,3.0,8.0,9.0,14.0,1.0,10.0,8.0,0.0,3.0,6.0,1.0,25.0,2.0,46.0,14.0,1.0,10.0,12.0,3.0,66.0,1.0,26.0,4.0,20.0,83.0,1.0,0.0,36.0,17.0,5.0,7.0,1.0,73.0
2023-06-10,14.0,2.0,61.0,1.0,43.0,3.0,6.0,0.0,1.0,166.0,55.0,6.0,1.0,21.0,13.0,4.0,13.0,5.0,14.0,1.0,5.0,11.0,14.0,5.0,17.0,18.0,2.0,1.0,11.0,0.0,13.0,1.0,39.0,12.0,3.0,11.0,10.0,6.0,60.0,1.0,21.0,2.0,27.0,75.0,1.0,0.0,27.0,28.0,8.0,11.0,1.0,61.0
2023-06-17,5.0,6.0,50.0,5.0,36.0,6.0,6.0,0.0,1.0,148.0,41.0,8.0,6.0,20.0,13.0,2.0,2.0,8.0,10.0,0.0,2.0,12.0,20.0,8.0,14.0,10.0,2.0,1.0,8.0,2.0,9.0,1.0,37.0,18.0,2.0,11.0,15.0,2.0,56.0,2.0,23.0,2.0,31.0,100.0,4.0,0.0,27.0,19.0,6.0,4.0,1.0,50.0
2023-06-24,11.0,0.0,48.0,12.0,27.0,3.0,6.0,0.0,2.0,165.0,38.0,9.0,1.0,13.0,5.0,1.0,2.0,6.0,8.0,1.0,8.0,4.0,14.0,2.0,13.0,12.0,1.0,1.0,8.0,0.0,12.0,1.0,36.0,16.0,1.0,14.0,9.0,5.0,49.0,0.0,23.0,0.0,13.0,109.0,3.0,0.0,22.0,17.0,2.0,1.0,1.0,58.0
2023-07-01,11.0,4.0,29.0,6.0,49.0,7.0,6.0,0.0,1.0,158.0,38.0,10.0,7.0,8.0,9.0,2.0,3.0,5.0,16.0,2.0,0.0,7.0,9.0,0.0,15.0,7.0,1.0,1.0,7.0,1.0,6.0,0.0,29.0,17.0,1.0,37.0,13.0,1.0,47.0,1.0,20.0,2.0,24.0,87.0,3.0,1.0,39.0,19.0,3.0,5.0,9.0,52.0
2023-07-08,3.0,2.0,34.0,4.0,26.0,3.0,1.0,0.0,2.0,144.0,23.0,8.0,3.0,11.0,2.0,2.0,1.0,8.0,13.0,3.0,3.0,3.0,5.0,1.0,14.0,3.0,0.0,1.0,6.0,0.0,16.0,1.0,23.0,10.0,2.0,37.0,12.0,2.0,46.0,2.0,14.0,3.0,21.0,79.0,1.0,0.0,39.0,18.0,0.0,4.0,1.0,39.0
2023-07-15,14.0,2.0,28.0,8.0,54.0,8.0,2.0,0.0,2.0,138.0,18.0,6.0,3.0,10.0,2.0,0.0,3.0,6.0,6.0,0.0,5.0,7.0,3.0,0.0,14.0,13.0,1.0,0.0,10.0,1.0,7.0,0.0,17.0,13.0,1.0,40.0,8.0,5.0,41.0,0.0,18.0,0.0,23.0,96.0,3.0,0.0,30.0,19.0,1.0,8.0,0.0,42.0
2023-07-22,15.0,1.0,13.0,6.0,39.0,4.0,3.0,2.0,1.0,110.0,17.0,4.0,1.0,12.0,4.0,2.0,0.0,3.0,7.0,1.0,4.0,10.0,3.0,0.0,10.0,20.0,0.0,1.0,7.0,0.0,16.0,1.0,28.0,5.0,1.0,33.0,13.0,3.0,37.0,0.0,16.0,0.0,23.0,86.0,0.0,0.0,22.0,18.0,0.0,9.0,0.0,33.0
2023-07-29,30.0,0.0,15.0,5.0,37.0,3.0,5.0,0.0,1.0,132.0,16.0,4.0,3.0,10.0,4.0,0.0,2.0,9.0,12.0,3.0,14.0,4.0,4.0,3.0,17.0,10.0,0.0,1.0,4.0,1.0,8.0,0.0,19.0,9.0,1.0,117.0,14.0,2.0,36.0,0.0,20.0,0.0,16.0,92.0,1.0,0.0,19.0,18.0,3.0,2.0,2.0,42.0
2023-08-05,13.0,2.0,11.0,11.0,43.0,3.0,4.0,0.0,0.0,131.0,19.0,6.0,2.0,12.0,7.0,1.0,1.0,9.0,11.0,2.0,7.0,6.0,4.0,2.0,9.0,4.0,0.0,1.0,6.0,1.0,15.0,2.0,33.0,8.0,0.0,9.0,6.0,3.0,51.0,0.0,18.0,2.0,22.0,109.0,1.0,0.0,31.0,20.0,1.0,1.0,0.0,29.0
2023-08-12,9.0,1.0,9.0,10.0,35.0,1.0,7.0,1.0,1.0,133.0,28.0,4.0,3.0,13.0,9.0,0.0,2.0,5.0,7.0,0.0,5.0,10.0,11.0,0.0,27.0,9.0,0.0,1.0,6.0,1.0,6.0,1.0,21.0,13.0,5.0,10.0,11.0,4.0,37.0,0.0,8.0,1.0,26.0,119.0,1.0,0.0,32.0,17.0,0.0,5.0,1.0,39.0
2023-08-19,7.0,2.0,6.0,7.0,31.0,0.0,4.0,0.0,1.0,152.0,19.0,6.0,3.0,9.0,3.0,2.0,1.0,12.0,11.0,2.0,6.0,6.0,18.0,0.0,34.0,11.0,0.0,1.0,3.0,0.0,12.0,2.0,15.0,14.0,0.0,8.0,21.0,3.0,38.0,0.0,15.0,3.0,26.0,122.0,0.0,0.0,35.0,25.0,9.0,2.0,0.0,30.0
2023-08-26,12.0,0.0,17.0,9.0,29.0,4.0,8.0,0.0,1.0,160.0,28.0,6.0,0.0,12.0,11.0,2.0,2.0,7.0,11.0,0.0,3.0,8.0,10.0,3.0,40.0,7.0,0.0,3.0,4.0,0.0,16.0,1.0,20.0,8.0,1.0,16.0,13.0,4.0,57.0,0.0,20.0,1.0,23.0,110.0,0.0,0.0,28.0,20.0,2.0,1.0,0.0,52.0
2023-09-02,12.0,2.0,13.0,6.0,38.0,3.0,6.0,0.0,0.0,172.0,34.0,7.0,0.0,9.0,6.0,4.0,3.0,10.0,14.0,0.0,5.0,17.0,12.0,0.0,43.0,6.0,0.0,2.0,3.0,4.0,10.0,2.0,38.0,18.0,0.0,13.0,16.0,2.0,42.0,0.0,9.0,1.0,27.0,126.0,1.0,0.0,30.0,42.0,1.0,2.0,0.0,59.0
2023-09-09,5.0,2.0,8.0,8.0,42.0,7.0,1.0,0.0,1.0,150.0,21.0,5.0,2.0,15.0,5.0,1.0,6.0,19.0,11.0,0.0,5.0,8.0,2.0,0.0,19.0,12.0,1.0,1.0,4.0,1.0,13.0,4.0,21.0,7.0,0.0,15.0,16.0,3.0,43.0,0.0,22.0,3.0,46.0,110.0,2.0,1.0,40.0,37.0,2.0,1.0,0.0,54.0
2023-09-16,20.0,5.0,10.0,7.0,41.0,2.0,9.0,0.0,0.0,156.0,34.0,8.0,0.0,18.0,9.0,0.0,3.0,5.0,13.0,0.0,2.0,5.0,9.0,1.0,23.0,8.0,1.0,0.0,0.0,0.0,10.0,11.0,12.0,11.0,0.0,9.0,16.0,6.0,48.0,2.0,25.0,0.0,34.0,128.0,3.0,0.0,31.0,15.0,6.0,3.0,0.0,59.0
2023-09-23,8.0,6.0,8.0,6.0,46.0,8.0,16.0,0.0,1.0,172.0,30.0,5.0,3.0,20.0,9.0,0.0,4.0,13.0,18.0,1.0,6.0,10.0,17.0,4.0,16.0,16.0,3.0,6.0,4.0,2.0,19.0,3.0,19.0,13.0,1.0,9.0,17.0,6.0,46.0,1.0,26.0,0.0,24.0,102.0,2.0,1.0,40.0,6.0,0.0,0.0,0.0,84.0
2023-09-30,20.0,7.0,21.0,10.0,46.0,8.0,8.0,0.0,0.0,168.0,29.0,10.0,2.0,18.0,12.0,4.0,5.0,14.0,16.0,0.0,4.0,8.0,12.0,2.0,20.0,12.0,4.0,1.0,3.0,1.0,9.0,5.0,48.0,10.0,3.0,16.0,26.0,6.0,60.0,0.0,28.0,2.0,41.0,118.0,4.0,1.0,54.0,12.0,6.0,9.0,2.0,99.0
2023-10-07,20.0,10.0,16.0,17.0,45.0,9.0,4.0,2.0,2.0,227.0,34.0,10.0,4.0,21.0,8.0,3.0,10.0,12.0,19.0,5.0,3.0,12.0,17.0,3.0,29.0,24.0,0.0,5.0,4.0,2.0,17.0,6.0,37.0,36.0,0.0,18.0,15.0,6.0,41.0,1.0,22.0,0.0,28.0,121.0,4.0,0.0,49.0,4.0,2.0,10.0,6.0,109.0
2023-10-14,24.0,14.0,21.0,15.0,60.0,15.0,3.0,0.0,2.0,213.0,39.0,15.0,2.0,18.0,23.0,1.0,3.0,23.0,28.0,4.0,3.0,16.0,20.0,6.0,22.0,25.0,0.0,9.0,6.0,0.0,13.0,4.0,26.0,20.0,1.0,21.0,39.0,6.0,40.0,1.0,26.0,0.0,32.0,168.0,3.0,0.0,54.0,13.0,3.0,3.0,4.0,103.0
2023-10-21,30.0,21.0,52.0,18.0,50.0,16.0,1.0,1.0,3.0,291.0,31.0,13.0,2.0,27.0,25.0,4.0,7.0,20.0,31.0,2.0,9.0,14.0,21.0,4.0,20.0,17.0,1.0,8.0,7.0,0.0,33.0,2.0,37.0,17.0,1.0,21.0,22.0,8.0,42.0,0.0,32.0,2.0,43.0,242.0,9.0,2.0,72.0,11.0,3.0,4.0,4.0,111.0
2023-10-28,30.0,30.0,49.0,13.0,76.0,19.0,7.0,1.0,1.0,313.0,40.0,13.0,4.0,21.0,33.0,4.0,5.0,23.0,46.0,4.0,10.0,28.0,12.0,4.0,17.0,17.0,0.0,7.0,8.0,2.0,44.0,2.0,48.0,20.0,1.0,17.0,10.0,14.0,49.0,1.0,21.0,3.0,44.0,245.0,5.0,0.0,61.0,8.0,4.0,7.0,0.0,164.0
2023-11-04,37.0,33.0,51.0,18.0,97.0,31.0,12.0,1.0,0.0,443.0,56.0,14.0,5.0,34.0,43.0,10.0,5.0,21.0,40.0,1.0,15.0,33.0,34.0,9.0,30.0,24.0,1.0,5.0,12.0,2.0,26.0,10.0,57.0,40.0,0.0,21.0,18.0,6.0,31.0,0.0,45.0,1.0,44.0,348.0,9.0,0.0,51.0,17.0,7.0,16.0,1.0,144.0
2023-11-11,56.0,39.0,132.0,24.0,231.0,52.0,5.0,1.0,0.0,462.0,116.0,16.0,4.0,54.0,58.0,13.0,10.0,33.0,65.0,4.0,19.0,32.0,30.0,18.0,38.0,40.0,5.0,5.0,22.0,2.0,46.0,9.0,88.0,49.0,2.0,26.0,34.0,11.0,81.0,2.0,52.0,2.0,47.0,427.0,5.0,2.0,92.0,17.0,14.0,20.0,5.0,148.0
2023-11-18,73.0,17.0,187.0,17.0,372.0,102.0,22.0,2.0,5.0,652.0,133.0,29.0,11.0,71.0,95.0,14.0,18.0,18.0,96.0,2.0,27.0,38.0,52.0,15.0,46.0,40.0,3.0,4.0,27.0,2.0,33.0,12.0,123.0,88.0,7.0,56.0,37.0,17.0,89.0,0.0,64.0,1.0,57.0,428.0,7.0,5.0,100.0,33.0,8.0,15.0,9.0,110.0
2023-11-25,71.0,14.0,209.0,57.0,459.0,137.0,33.0,1.0,8.0,701.0,156.0,26.0,8.0,102.0,100.0,27.0,26.0,37.0,115.0,19.0,22.0,67.0,88.0,24.0,47.0,58.0,6.0,8.0,39.0,1.0,75.0,21.0,178.0,153.0,4.0,75.0,34.0,11.0,123.0,3.0,81.0,2.0,73.0,534.0,10.0,3.0,115.0,36.0,13.0,34.0,23.0,117.0
2023-12-02,84.0,15.0,276.0,24.0,683.0,126.0,57.0,2.0,11.0,743.0,225.0,23.0,19.0,165.0,149.0,44.0,37.0,59.0,121.0,9.0,60.0,99.0,106.0,34.0,77.0,85.0,18.0,8.0,45.0,7.0,129.0,42.0,345.0,213.0,17.0,134.0,71.0,17.0,212.0,6.0,133.0,7.0,98.0,699.0,17.0,3.0,143.0,74.0,17.0,59.0,18.0,89.0
2023-12-09,110.0,14.0,388.0,41.0,868.0,153.0,74.0,10.0,13.0,761.0,261.0,32.0,46.0,205.0,181.0,43.0,37.0,48.0,158.0,15.0,78.0,148.0,173.0,48.0,71.0,140.0,21.0,11.0,77.0,15.0,160.0,84.0,509.0,312.0,11.0,160.0,59.0,43.0,279.0,6.0,177.0,6.0,152.0,829.0,17.0,8.0,157.0,83.0,20.0,97.0,37.0,48.0
2023-12-16,143.0,4.0,602.0,53.0,1077.0,234.0,120.0,18.0,20.0,843.0,442.0,24.0,67.0,253.0,260.0,50.0,43.0,86.0,178.0,20.0,115.0,216.0,247.0,78.0,96.0,154.0,37.0,13.0,118.0,28.0,304.0,153.0,744.0,402.0,16.0,239.0,85.0,45.0,391.0,24.0,264.0,13.0,178.0,1155.0,24.0,8.0,229.0,109.0,33.0,122.0,34.0,57.0
2023-12-23,269.0,5.0,946.0,96.0,1763.0,252.0,115.0,24.0,45.0,989.0,746.0,28.0,115.0,464.0,374.0,90.0,92.0,137.0,306.0,16.0,207.0,317.0,271.0,110.0,200.0,224.0,78.0,62.0,158.0,41.0,488.0,227.0,944.0,733.0,26.0,438.0,153.0,103.0,702.0,16.0,421.0,33.0,294.0,1597.0,58.0,12.0,419.0,155.0,82.0,187.0,26.0,59.0
2023-12-30,318.0,4.0,1106.0,187.0,1810.0,367.0,194.0,60.0,57.0,1352.0,1132.0,32.0,163.0,576.0,556.0,99.0,93.0,261.0,381.0,51.0,328.0,554.0,567.0,189.0,297.0,369.0,116.0,51.0,185.0,51.0,729.0,235.0,1343.0,1076.0,51.0,638.0,137.0,147.0,933.0,46.0,649.0,48.0,538.0,1975.0,80.0,19.0,731.0,211.0,153.0,297.0,72.0,63.0
2024-01-06,348.0,5.0,907.0,234.0,1470.0,308.0,167.0,48.0,55.0,1414.0,758.0,40.0,157.0,511.0,521.0,94.0,93.0,296.0,304.0,58.0,322.0,634.0,497.0,168.0,263.0,345.0,129.0,50.0,143.0,46.0,667.0,229.0,1278.0,779.0,52.0,562.0,174.0,142.0,761.0,48.0,473.0,54.0,474.0,2093.0,63.0,15.0,538.0,209.0,169.0,248.0,82.0,51.0
2024-01-13,226.0,6.0,716.0,223.0,1075.0,286.0,159.0,34.0,37.0,1070.0,627.0,25.0,102.0,380.0,443.0,84.0,101.0,240.0,252.0,47.0,245.0,518.0,381.0,161.0,230.0,316.0,114.0,55.0,145.0,47.0,570.0,149.0,1037.0,505.0,32.0,542.0,209.0,115.0,577.0,34.0,268.0,32.0,390.0,1964.0,47.0,24.0,381.0,161.0,136.0,265.0,56.0,61.0
2024-01-20,169.0,9.0,682.0,227.0,1096.0,197.0,128.0,32.0,26.0,908.0,486.0,23.0,88.0,335.0,402.0,95.0,66.0,197.0,141.0,40.0,198.0,401.0,346.0,123.0,158.0,266.0,81.0,35.0,78.0,30.0,441.0,113.0,862.0,310.0,41.0,505.0,252.0,85.0,454.0,34.0,197.0,16.0,350.0,1682.0,28.0,26.0,302.0,145.0,145.0,175.0,23.0,50.0
2024-01-27,142.0,7.0,616.0,275.0,732.0,229.0,156.0,28.0,21.0,835.0,455.0,30.0,69.0,275.0,428.0,76.0,68.0,251.0,130.0,34.0,171.0,391.0,388.0,144.0,161.0,272.0,115.0,47.0,67.0,24.0,345.0,102.0,923.0,308.0,48.0,590.0,346.0,98.0,405.0,24.0,213.0,27.0,280.0,1868.0,38.0,21.0,262.0,120.0,136.0,141.0,40.0,51.0
2024-02-03,103.0,8.0,343.0,245.0,547.0,196.0,111.0,25.0,20.0,711.0,354.0,5.0,71.0,272.0,453.0,107.0,113.0,225.0,123.0,65.0,113.0,446.0,483.0,150.0,111.0,301.0,85.0,47.0,58.0,37.0,331.0,76.0,769.0,255.0,40.0,590.0,419.0,84.0,450.0,17.0,175.0,23.0,223.0,1869.0,28.0,18.0,184.0,105.0,127.0,175.0,39.0,34.0
2024-02-10,109.0,11.0,183.0,291.0,464.0,196.0,142.0,25.0,14.0,828.0,308.0,17.0,61.0,250.0,487.0,112.0,139.0,284.0,97.0,77.0,111.0,432.0,664.0,164.0,86.0,344.0,82.0,54.0,35.0,43.0,323.0,78.0,768.0,174.0,31.0,602.0,463.0,87.0,425.0,21.0,132.0,18.0,196.0,1500.0,16.0,20.0,174.0,80.0,131.0,178.0,33.0,68.0
2024-02-17,120.0,2.0,204.0,258.0,342.0,137.0,119.0,36.0,19.0,678.0,259.0,10.0,59.0,262.0,439.0,124.0,111.0,282.0,85.0,86.0,123.0,512.0,770.0,173.0,94.0,354.0,24.0,54.0,51.0,41.0,370.0,73.0,789.0,179.0,29.0,609.0,389.0,65.0,493.0,29.0,130.0,26.0,195.0,1125.0,19.0,21.0,195.0,73.0,184.0,209.0,44.0,52.0
2024-02-24,87.0,4.0,204.0,275.0,302.0,129.0,171.0,24.0,18.0,619.0,192.0,14.0,90.0,318.0,419.0,157.0,82.0,279.0,94.0,69.0,118.0,463.0,974.0,159.0,55.0,454.0,22.0,84.0,43.0,33.0,297.0,59.0,793.0,160.0,25.0,655.0,169.0,89.0,493.0,34.0,111.0,42.0,201.0,995.0,9.0,26.0,207.0,97.0,163.0,213.0,27.0,52.0
2024-03-02,81.0,11.0,182.0,278.0,266.0,93.0,212.0,33.0,15.0,538.0,203.0,16.0,61.0,331.0,390.0,180.0,87.0,280.0,77.0,64.0,176.0,508.0,1017.0,182.0,67.0,443.0,27.0,95.0,49.0,39.0,343.0,61.0,773.0,160.0,22.0,637.0,179.0,76.0,544.0,27.0,107.0,46.0,236.0,811.0,17.0,30.0,219.0,75.0,181.0,200.0,25.0,43.0
2024-03-09,85.0,5.0,125.0,247.0,207.0,80.0,165.0,26.0,36.0,536.0,156.0,9.0,70.0,267.0,414.0,178.0,84.0,190.0,55.0,50.0,170.0,402.0,851.0,174.0,61.0,408.0,28.0,86.0,43.0,33.0,272.0,77.0,596.0,132.0,21.0,622.0,181.0,79.0,511.0,23.0,97.0,37.0,188.0,637.0,14.0,29.0,196.0,56.0,143.0,197.0,15.0,52.0
2024-03-16,65.0,9.0,134.0,190.0,188.0,96.0,99.0,18.0,14.0,516.0,102.0,18.0,68.0,250.0,275.0,115.0,95.0,142.0,40.0,33.0,114.0,323.0,599.0,164.0,55.0,278.0,35.0,69.0,30.0,38.0,218.0,45.0,414.0,94.0,29.0,357.0,139.0,68.0,369.0,21.0,74.0,43.0,129.0,538.0,13.0,24.0,134.0,85.0,101.0,183.0,11.0,63.0
2024-03-23,70.0,10.0,106.0,103.0,175.0,97.0,83.0,16.0,20.0,423.0,81.0,6.0,55.0,212.0,174.0,94.0,66.0,129.0,33.0,26.0,75.0,240.0,530.0,133.0,45.0,192.0,21.0,60.0,39.0,25.0,180.0,57.0,356.0,83.0,20.0,299.0,94.0,97.0,345.0,13.0,66.0,59.0,127.0,398.0,11.0,18.0,135.0,81.0,80.0,132.0,5.0,50.0
2024-03-30,60.0,8.0,97.0,82.0,180.0,68.0,89.0,15.0,18.0,404.0,64.0,7.0,45.0,201.0,175.0,90.0,66.0,120.0,47.0,23.0,76.0,228.0,523.0,124.0,47.0,193.0,29.0,51.0,26.0,17.0,188.0,36.0,391.0,88.0,31.0,242.0,91.0,64.0,267.0,14.0,63.0,33.0,84.0,360.0,11.0,15.0,111.0,56.0,71.0,126.0,11.0,47.0
2024-04-06,39.0,7.0,81.0,60.0,151.0,49.0,88.0,19.0,23.0,312.0,60.0,9.0,31.0,182.0,166.0,82.0,42.0,102.0,32.0,24.0,88.0,227.0,457.0,112.0,53.0,146.0,7.0,54.0,35.0,16.0,168.0,41.0,411.0,77.0,19.0,264.0,63.0,51.0,256.0,16.0,44.0,37.0,102.0,308.0,5.0,9.0,157.0,43.0,68.0,124.0,7.0,39.0
2024-04-13,19.0,4.0,85.0,47.0,179.0,55.0,62.0,7.0,17.0,326.0,57.0,12.0,12.0,186.0,112.0,63.0,27.0,67.0,30.0,15.0,55.0,177.0,334.0,79.0,38.0,108.0,9.0,45.0,23.0,14.0,130.0,19.0,366.0,55.0,18.0,193.0,35.0,33.0,196.0,14.0,64.0,14.0,77.0,275.0,1.0,16.0,110.0,42.0,22.0,77.0,6.0,43.0
2024-04-20,17.0,2.0,79.0,30.0,157.0,26.0,57.0,8.0,14.0,239.0,40.0,5.0,15.0,122.0,61.0,53.0,40.0,46.0,24.0,16.0,38.0,127.0,170.0,53.0,25.0,83.0,6.0,27.0,26.0,12.0,110.0,15.0,217.0,23.0,15.0,110.0,30.0,32.0,146.0,11.0,37.0,24.0,58.0,255.0,3.0,10.0,79.0,26.0,13.0,66.0,2.0,36.0
2024-04-27,15.0,5.0,105.0,60.0,156.0,23.0,64.0,2.0,8.0,262.0,35.0,14.0,16.0,88.0,46.0,22.0,27.0,25.0,17.0,14.0,20.0,69.0,123.0,39.0,21.0,59.0,3.0,17.0,21.0,4.0,89.0,20.0,164.0,13.0,7.0,78.0,36.0,30.0,116.0,7.0,30.0,14.0,51.0,171.0,6.0,6.0,58.0,37.0,22.0,37.0,4.0,44.0
2024-05-04,10.0,3.0,75.0,14.0,77.0,23.0,34.0,4.0,5.0,141.0,16.0,6.0,2.0,43.0,36.0,9.0,9.0,10.0,9.0,9.0,10.0,58.0,83.0,18.0,20.0,33.0,0.0,5.0,10.0,3.0,81.0,11.0,132.0,8.0,4.0,46.0,16.0,17.0,95.0,3.0,31.0,7.0,22.0,89.0,2.0,4.0,58.0,25.0,7.0,15.0,4.0,32.0
2024-05-11,0.0,6.0,73.0,12.0,49.0,12.0,22.0,1.0,4.0,85.0,7.0,3.0,0.0,13.0,12.0,3.0,5.0,3.0,8.0,8.0,5.0,48.0,50.0,0.0,14.0,18.0,2.0,1.0,1.0,0.0,47.0,16.0,52.0,0.0,0.0,9.0,9.0,18.0,84.0,4.0,21.0,1.0,17.0,1.0,3.0,0.0,39.0,28.0,0.0,10.0,0.0,28.0
2024-05-18,2.0,1.0,66.0,0.0,57.0,6.0,10.0,1.0,2.0,91.0,6.0,2.0,0.0,10.0,11.0,3.0,2.0,5.0,3.0,3.0,0.0,0.0,31.0,0.0,22.0,11.0,1.0,2.0,2.0,0.0,32.0,13.0,28.0,0.0,1.0,12.0,5.0,21.0,92.0,1.0,22.0,0.0,21.0,0.0,0.0,0.0,39.0,12.0,0.0,11.0,1.0,17.0
2024-05-25,0.0,2.0,66.0,2.0,42.0,11.0,6.0,1.0,2.0,97.0,3.0,2.0,0.0,9.0,4.0,2.0,5.0,3.0,9.0,5.0,0.0,0.0,29.0,0.0,8.0,10.0,1.0,0.0,0.0,0.0,37.0,8.0,20.0,0.0,0.0,11.0,6.0,14.0,85.0,1.0,18.0,1.0,20.0,3.0,0.0,1.0,32.0,21.0,0.0,3.0,5.0,4.0
2024-06-01,0.0,3.0,68.0,6.0,56.0,10.0,4.0,0.0,0.0,77.0,5.0,6.0,0.0,9.0,5.0,1.0,2.0,5.0,6.0,5.0,5.0,0.0,15.0,0.0,13.0,6.0,2.0,0.0,1.0,0.0,26.0,9.0,12.0,0.0,0.0,5.0,2.0,17.0,79.0,1.0,19.0,0.0,30.0,0.0,0.0,1.0,45.0,21.0,0.0,3.0,0.0,10.0
2024-06-08,0.0,3.0,53.0,5.0,59.0,4.0,5.0,1.0,0.0,81.0,2.0,1.0,0.0,8.0,5.0,0.0,5.0,7.0,5.0,1.0,3.0,0.0,9.0,0.0,11.0,4.0,0.0,1.0,0.0,0.0,20.0,5.0,10.0,0.0,0.0,3.0,1.0,16.0,59.0,0.0,28.0,0.0,17.0,1.0,0.0,0.0,24.0,39.0,0.0,0.0,5.0,9.0
2024-06-15,0.0,3.0,69.0,5.0,58.0,3.0,2.0,0.0,0.0,80.0,1.0,3.0,0.0,9.0,2.0,1.0,1.0,3.0,4.0,3.0,0.0,0.0,9.0,0.0,13.0,3.0,2.0,0.0,0.0,0.0,25.0,0.0,10.0,0.0,0.0,2.0,1.0,6.0,80.0,0.0,29.0,0.0,15.0,1.0,0.0,0.0,40.0,20.0,0.0,2.0,4.0,6.0
2024-06-22,0.0,6.0,44.0,5.0,64.0,3.0,3.0,0.0,0.0,64.0,2.0,4.0,0.0,6.0,5.0,0.0,1.0,1.0,4.0,1.0,0.0,0.0,9.0,0.0,16.0,3.0,2.0,0.0,1.0,0.0,16.0,0.0,7.0,0.0,1.0,6.0,1.0,14.0,51.0,0.0,20.0,0.0,12.0,1.0,0.0,0.0,25.0,28.0,0.0,1.0,3.0,10.0
2024-06-29,0.0,3.0,23.0,1.0,49.0,3.0,1.0,1.0,2.0,62.0,4.0,2.0,0.0,6.0,3.0,1.0,1.0,1.0,5.0,1.0,2.0,0.0,11.0,0.0,6.0,5.0,0.0,0.0,1.0,0.0,20.0,0.0,6.0,0.0,0.0,2.0,0.0,2.0,47.0,0.0,17.0,0.0,7.0,0.0,0.0,0.0,20.0,32.0,0.0,2.0,0.0,7.0
2024-07-06,0.0,1.0,29.0,4.0,37.0,3.0,7.0,0.0,0.0,56.0,4.0,3.0,0.0,8.0,3.0,0.0,0.0,2.0,5.0,0.0,1.0,0.0,7.0,0.0,3.0,0.0,0.0,0.0,1.0,0.0,21.0,1.0,4.0,1.0,0.0,6.0,2.0,5.0,46.0,1.0,19.0,0.0,10.0,3.0,0.0,0.0,18.0,19.0,0.0,2.0,2.0,7.0
2024-07-13,0.0,1.0,29.0,5.0,39.0,1.0,3.0,0.0,1.0,78.0,0.0,4.0,0.0,5.0,3.0,1.0,4.0,0.0,0.0,4.0,0.0,0.0,9.0,0.0,6.0,1.0,1.0,0.0,0.0,0.0,23.0,0.0,1.0,0.0,0.0,2.0,0.0,5.0,58.0,0.0,20.0,0.0,11.0,1.0,0.0,0.0,25.0,15.0,0.0,3.0,1.0,6.0
2024-07-20,0.0,3.0,16.0,7.0,35.0,3.0,2.0,0.0,2.0,59.0,0.0,6.0,0.0,4.0,0.0,0.0,0.0,0.0,5.0,2.0,0.0,0.0,8.0,0.0,7.0,3.0,0.0,0.0,0.0,0.0,17.0,0.0,14.0,2.0,0.0,3.0,6.0,3.0,50.0,0.0,15.0,0.0,10.0,5.0,0.0,0.0,16.0,6.0,0.0,3.0,3.0,9.0
2024-07-27,0.0,1.0,12.0,8.0,29.0,6.0,1.0,0.0,1.0,41.0,1.0,1.0,0.0,3.0,1.0,1.0,1.0,0.0,2.0,0.0,0.0,0.0,7.0,0.0,12.0,4.0,1.0,0.0,0.0,0.0,17.0,0.0,1.0,0.0,1.0,2.0,0.0,1.0,59.0,0.0,16.0,0.0,13.0,0.0,0.0,0.0,20.0,6.0,0.0,1.0,0.0,3.0
2024-08-03,1.0,0.0,10.0,4.0,31.0,6.0,3.0,0.0,1.0,54.0,3.0,3.0,0.0,4.0,1.0,0.0,1.0,0.0,7.0,2.0,1.0,0.0,2.0,0.0,14.0,1.0,0.0,0.0,0.0,0.0,12.0,0.0,0.0,0.0,0.0,2.0,1.0,0.0,55.0,0.0,22.0,0.0,9.0,2.0,0.0,0.0,11.0,3.0,0.0,1.0,2.0,6.0
2024-08-10,0.0,0.0,25.0,6.0,19.0,5.0,0.0,0.0,1.0,42.0,2.0,3.0,0.0,6.0,0.0,0.0,0.0,0.0,5.0,3.0,0.0,0.0,5.0,0.0,16.0,3.0,0.0,0.0,0.0,0.0,15.0,0.0,3.0,1.0,0.0,4.0,1.0,2.0,44.0,0.0,15.0,0.0,9.0,3.0,0.0,0.0,24.0,4.0,0.0,2.0,2.0,5.0
2024-08-17,0.0,4.0,17.0,4.0,32.0,0.0,2.0,0.0,0.0,45.0,2.0,1.0,0.0,1.0,3.0,1.0,1.0,3.0,8.0,1.0,2.0,0.0,9.0,0.0,7.0,3.0,0.0,0.0,0.0,0.0,10.0,0.0,1.0,0.0,0.0,5.0,0.0,0.0,53.0,0.0,16.0,1.0,9.0,4.0,0.0,0.0,14.0,8.0,0.0,3.0,1.0,3.0
2024-08-24,0.0,0.0,25.0,4.0,18.0,0.0,1.0,0.0,0.0,41.0,2.0,1.0,0.0,3.0,2.0,2.0,0.0,3.0,9.0,5.0,2.0,0.0,12.0,0.0,8.0,1.0,0.0,1.0,0.0,0.0,12.0,1.0,2.0,0.0,0.0,3.0,0.0,2.0,55.0,0.0,24.0,0.0,8.0,2.0,0.0,0.0,14.0,5.0,0.0,2.0,1.0,3.0
2024-08-31,1.0,0.0,26.0,5.0,20.0,0.0,0.0,0.0,1.0,38.0,3.0,2.0,0.0,3.0,1.0,2.0,0.0,0.0,1.0,3.0,0.0,0.0,10.0,0.0,15.0,2.0,0.0,1.0,0.0,0.0,7.0,1.0,0.0,0.0,0.0,1.0,1.0,2.0,63.0,0.0,3.0,1.0,11.0,5.0,0.0,0.0,19.0,7.0,0.0,0.0,3.0,2.0
2024-09-07,0.0,1.0,14.0,7.0,15.0,1.0,2.0,1.0,0.0,55.0,0.0,2.0,0.0,1.0,0.0,1.0,2.0,0.0,3.0,3.0,0.0,0.0,9.0,0.0,9.0,1.0,0.0,0.0,0.0,0.0,12.0,0.0,0.0,0.0,0.0,2.0,0.0,4.0,43.0,0.0,2.0,0.0,8.0,1.0,0.0,0.0,15.0,6.0,0.0,1.0,1.0,1.0
2024-09-14,0.0,2.0,24.0,2.0,25.0,0.0,2.0,0.0,1.0,79.0,3.0,1.0,0.0,6.0,4.0,2.0,0.0,0.0,1.0,0.0,3.0,0.0,16.0,0.0,19.0,3.0,2.0,0.0,0.0,0.0,21.0,0.0,2.0,0.0,0.0,4.0,1.0,3.0,54.0,0.0,2.0,1.0,6.0,1.0,0.0,0.0,24.0,5.0,0.0,0.0,0.0,0.0
2024-09-21,0.0,3.0,18.0,3.0,17.0,0.0,0.0,0.0,0.0,44.0,5.0,1.0,1.0,7.0,6.0,0.0,2.0,2.0,4.0,1.0,5.0,0.0,11.0,0.0,16.0,1.0,0.0,1.0,0.0,0.0,27.0,0.0,3.0,0.0,0.0,3.0,5.0,2.0,83.0,0.0,1.0,2.0,2.0,1.0,0.0,0.0,4.0,6.0,0.0,0.0,0.0,6.0
2024-09-28,0.0,0.0,14.0,0.0,26.0,3.0,0.0,0.0,2.0,46.0,2.0,1.0,0.0,4.0,3.0,1.0,1.0,1.0,4.0,3.0,1.0,0.0,9.0,0.0,7.0,4.0,1.0,1.0,1.0,0.0,8.0,0.0,5.0,0.0,1.0,1.0,5.0,1.0,45.0,0.0,2.0,0.0,5.0,1.0,0.0,0.0,4.0,6.0,0.0,1.0,0.0,3.0
2024-10-05,0.0,1.0,40.0,3.0,30.0,3.0,4.0,0.0,0.0,53.0,1.0,0.0,0.0,2.0,4.0,1.0,0.0,0.0,5.0,0.0,1.0,0.0,12.0,0.0,10.0,0.0,0.0,0.0,1.0,0.0,17.0,1.0,7.0,0.0,0.0,0.0,0.0,0.0,61.0,0.0,1.0,0.0,4.0,2.0,0.0,0.0,6.0,10.0,0.0,1.0,2.0,3.0
2024-10-12,2.0,1.0,4.0,0.0,30.0,0.0,0.0,0.0,0.0,17.0,0.0,1.0,3.0,1.0,3.0,0.0,0.0,0.0,0.0,0.0,0.0,0.0,2.0,0.0,0.0,1.0,0.0,0.0,0.0,0.0,0.0,2.0,0.0,77.0,1.0,1.0,0.0,6.0,26.0,0.0,0.0,1.0,2.0,79.0,0.0,0.0,19.0,7.0,0.0,0.0,0.0,9.0
2024-10-19,6.0,1.0,14.0,2.0,75.0,2.0,5.0,0.0,0.0,134.0,5.0,1.0,6.0,5.0,3.0,1.0,1.0,2.0,13.0,0.0,2.0,0.0,4.0,88.0,4.0,2.0,2.0,0.0,5.0,0.0,0.0,2.0,5.0,48.0,0.0,11.0,0.0,4.0,6.0,0.0,8.0,1.0,8.0,46.0,1.0,1.0,15.0,1.0,0.0,7.0,0.0,6.0
2024-10-26,9.0,3.0,187.0,1.0,137.0,14.0,6.0,0.0,0.0,114.0,8.0,2.0,1.0,12.0,3.0,4.0,3.0,4.0,23.0,0.0,0.0,0.0,4.0,0.0,0.0,8.0,0.0,1.0,5.0,0.0,2.0,15.0,7.0,47.0,0.0,229.0,4.0,7.0,63.0,0.0,8.0,2.0,31.0,64.0,5.0,0.0,10.0,4.0,0.0,7.0,7.0,14.0
2024-11-02,13.0,8.0,129.0,6.0,110.0,25.0,10.0,0.0,1.0,110.0,14.0,3.0,6.0,27.0,14.0,5.0,10.0,7.0,27.0,0.0,4.0,3.0,7.0,4.0,15.0,13.0,0.0,2.0,11.0,1.0,28.0,2.0,15.0,14.0,2.0,17.0,3.0,7.0,97.0,2.0,11.0,0.0,45.0,103.0,2.0,0.0,16.0,2.0,0.0,5.0,0.0,15.0
2024-11-09,32.0,5.0,262.0,11.0,159.0,20.0,4.0,1.0,2.0,360.0,41.0,7.0,8.0,36.0,28.0,4.0,7.0,16.0,85.0,1.0,9.0,30.0,36.0,17.0,23.0,30.0,0.0,4.0,25.0,5.0,30.0,16.0,55.0,27.0,0.0,24.0,13.0,25.0,142.0,3.0,21.0,2.0,80.0,182.0,7.0,0.0,26.0,14.0,6.0,12.0,5.0,119.0
2024-11-16,44.0,9.0,329.0,13.0,313.0,29.0,5.0,4.0,1.0,375.0,44.0,15.0,12.0,34.0,26.0,5.0,11.0,18.0,84.0,0.0,11.0,16.0,46.0,8.0,24.0,29.0,4.0,6.0,43.0,6.0,37.0,21.0,63.0,38.0,1.0,40.0,13.0,35.0,111.0,0.0,13.0,0.0,94.0,223.0,10.0,3.0,26.0,22.0,4.0,6.0,4.0,204.0
2024-11-23,50.0,5.0,475.0,8.0,479.0,31.0,4.0,7.0,8.0,423.0,47.0,8.0,31.0,86.0,32.0,4.0,17.0,20.0,78.0,0.0,16.0,45.0,56.0,11.0,35.0,40.0,1.0,4.0,47.0,11.0,47.0,28.0,103.0,31.0,3.0,40.0,14.0,62.0,134.0,2.0,12.0,0.0,58.0,273.0,20.0,0.0,35.0,29.0,4.0,18.0,8.0,96.0
2024-11-30,64.0,9.0,541.0,11.0,693.0,67.0,10.0,5.0,5.0,605.0,56.0,14.0,63.0,83.0,41.0,4.0,20.0,24.0,141.0,2.0,21.0,63.0,65.0,18.0,28.0,41.0,2.0,11.0,61.0,14.0,67.0,55.0,145.0,43.0,1.0,55.0,40.0,80.0,115.0,6.0,18.0,5.0,60.0,403.0,20.0,3.0,46.0,46.0,3.0,12.0,7.0,279.0
2024-12-07,101.0,17.0,829.0,32.0,1064.0,90.0,13.0,15.0,2.0,700.0,88.0,20.0,77.0,106.0,65.0,13.0,35.0,53.0,160.0,3.0,37.0,83.0,91.0,40.0,39.0,54.0,2.0,10.0,81.0,16.0,109.0,103.0,275.0,65.0,2.0,91.0,40.0,118.0,176.0,10.0,40.0,1.0,115.0,530.0,64.0,0.0,68.0,78.0,13.0,27.0,5.0,440.0
2024-12-14,191.0,25.0,960.0,42.0,1407.0,129.0,24.0,15.0,4.0,872.0,214.0,34.0,107.0,240.0,140.0,23.0,90.0,79.0,256.0,2.0,73.0,126.0,167.0,92.0,61.0,88.0,6.0,19.0,113.0,22.0,174.0,108.0,434.0,173.0,5.0,152.0,57.0,233.0,268.0,28.0,79.0,8.0,217.0,708.0,87.0,8.0,140.0,186.0,21.0,66.0,31.0,378.0
2024-12-21,436.0,18.0,1492.0,59.0,2445.0,179.0,41.0,43.0,16.0,1251.0,388.0,42.0,188.0,488.0,284.0,42.0,120.0,200.0,421.0,10.0,131.0,137.0,213.0,227.0,95.0,249.0,27.0,78.0,208.0,24.0,335.0,207.0,741.0,292.0,8.0,301.0,106.0,386.0,492.0,23.0,160.0,14.0,372.0,1172.0,163.0,8.0,192.0,416.0,37.0,120.0,14.0,351.0
2024-12-28,665.0,32.0,2241.0,127.0,3498.0,475.0,148.0,96.0,38.0,2081.0,800.0,57.0,333.0,1143.0,590.0,118.0,225.0,515.0,601.0,30.0,195.0,256.0,429.0,545.0,212.0,611.0,60.0,131.0,255.0,53.0,723.0,233.0,1541.0,611.0,22.0,697.0,284.0,552.0,1005.0,45.0,327.0,33.0,747.0,2049.0,287.0,19.0,371.0,541.0,102.0,253.0,84.0,655.0
2025-01-04,684.0,62.0,2742.0,212.0,3851.0,760.0,294.0,185.0,96.0,2862.0,1144.0,125.0,242.0,1562.0,814.0,171.0,353.0,678.0,733.0,88.0,457.0,520.0,555.0,952.0,272.0,826.0,69.0,211.0,387.0,108.0,1326.0,320.0,2608.0,942.0,56.0,1302.0,405.0,536.0,1674.0,93.0,520.0,47.0,1063.0,2519.0,388.0,33.0,669.0,531.0,198.0,389.0,115.0,1010.0
2025-01-11,476.0,39.0,1419.0,158.0,3074.0,499.0,247.0,87.0,44.0,2411.0,823.0,113.0,136.0,1399.0,511.0,264.0,236.0,463.0,463.0,92.0,372.0,585.0,625.0,896.0,216.0,647.0,63.0,171.0,260.0,90.0,1074.0,249.0,2256.0,832.0,38.0,1044.0,285.0,319.0,1594.0,69.0,430.0,50.0,684.0,2014.0,256.0,35.0,464.0,388.0,144.0,388.0,62.0,1249.0
2025-01-18,489.0,32.0,1038.0,223.0,3490.0,441.0,245.0,66.0,58.0,2663.0,992.0,91.0,123.0,1341.0,542.0,237.0,200.0,397.0,490.0,88.0,459.0,735.0,496.0,927.0,226.0,559.0,80.0,128.0,189.0,86.0,1239.0,251.0,2633.0,1104.0,61.0,1148.0,439.0,289.0,2476.0,107.0,638.0,55.0,568.0,2425.0,199.0,41.0,493.0,357.0,133.0,593.0,84.0,554.0
2025-01-25,628.0,25.0,960.0,388.0,3905.0,456.0,378.0,88.0,207.0,3158.0,1186.0,88.0,99.0,1727.0,788.0,304.0,216.0,434.0,526.0,110.0,611.0,991.0,863.0,928.0,323.0,655.0,68.0,182.0,196.0,144.0,1591.0,196.0,2942.0,1582.0,89.0,1707.0,698.0,272.0,3065.0,113.0,823.0,88.0,646.0,3300.0,185.0,58.0,685.0,417.0,160.0,857.0,89.0,464.0
2025-02-01,739.0,28.0,807.0,513.0,4418.0,543.0,478.0,140.0,197.0,3627.0,1373.0,70.0,159.0,2137.0,1295.0,457.0,388.0,740.0,635.0,153.0,810.0,1290.0,1093.0,882.0,537.0,1039.0,109.0,308.0,178.0,174.0,1794.0,214.0,3091.0,1994.0,104.0,2480.0,1116.0,497.0,3778.0,173.0,1259.0,139.0,944.0,4691.0,195.0,84.0,1083.0,578.0,267.0,1054.0,102.0,348.0
2025-02-08,659.0,26.0,785.0,745.0,3545.0,622.0,538.0,157.0,259.0,3327.0,1301.0,83.0,175.0,2306.0,1711.0,596.0,479.0,1188.0,507.0,207.0,1086.0,1580.0,1265.0,689.0,467.0,1315.0,161.0,319.0,222.0,203.0,1857.0,215.0,2960.0,2280.0,127.0,3211.0,1052.0,558.0,4263.0,202.0,1232.0,207.0,1067.0,4193.0,213.0,134.0,1315.0,747.0,458.0,1149.0,99.0,251.0
2025-02-15,413.0,50.0,679.0,514.0,2683.0,583.0,499.0,160.0,83.0,2436.0,734.0,79.0,152.0,2058.0,1670.0,498.0,519.0,1201.0,407.0,270.0,1081.0,1448.0,1341.0,486.0,265.0,1412.0,159.0,311.0,147.0,205.0,1511.0,247.0,2503.0,1690.0,85.0,3548.0,786.0,497.0,4318.0,180.0,690.0,183.0,699.0,2478.0,201.0,115.0,1190.0,659.0,617.0,1059.0,72.0,355.0
2025-02-22,283.0,47.0,620.0,354.0,1976.0,481.0,364.0,100.0,72.0,1982.0,450.0,86.0,150.0,1673.0,1536.0,401.0,401.0,879.0,342.0,265.0,761.0,1292.0,1545.0,369.0,207.0,1347.0,203.0,294.0,117.0,212.0,1198.0,236.0,2030.0,1169.0,63.0,3091.0,493.0,480.0,3579.0,131.0,474.0,110.0,531.0,1756.0,183.0,104.0,896.0,663.0,628.0,882.0,98.0,240.0
2025-03-01,327.0,56.0,621.0,350.0,1426.0,381.0,278.0,88.0,113.0,1548.0,437.0,67.0,124.0,1301.0,1156.0,352.0,305.0,774.0,372.0,208.0,548.0,1068.0,1383.0,279.0,158.0,861.0,176.0,197.0,97.0,190.0,932.0,183.0,1617.0,917.0,47.0,2559.0,334.0,321.0,3019.0,107.0,442.0,89.0,526.0,1526.0,123.0,65.0,714.0,422.0,511.0,781.0,46.0,311.0
2025-03-08,313.0,58.0,468.0,325.0,1048.0,311.0,187.0,55.0,103.0,1243.0,395.0,63.0,90.0,956.0,871.0,271.0,251.0,633.0,413.0,200.0,379.0,744.0,979.0,195.0,172.0,692.0,145.0,153.0,79.0,145.0,606.0,178.0,1283.0,821.0,31.0,1905.0,221.0,207.0,2356.0,65.0,408.0,53.0,477.0,1208.0,121.0,43.0,556.0,241.0,456.0,501.0,39.0,283.0
2025-03-15,271.0,32.0,359.0,229.0,969.0,215.0,147.0,45.0,81.0,1072.0,361.0,56.0,99.0,696.0,580.0,187.0,164.0,493.0,342.0,115.0,291.0,416.0,715.0,158.0,190.0,440.0,113.0,80.0,88.0,79.0,460.0,141.0,1110.0,665.0,36.0,1330.0,143.0,184.0,1618.0,68.0,269.0,26.0,461.0,904.0,102.0,32.0,514.0,191.0,347.0,326.0,44.0,346.0
2025-03-22,193.0,23.0,307.0,164.0,694.0,162.0,118.0,33.0,64.0,918.0,234.0,42.0,83.0,507.0,392.0,99.0,120.0,370.0,241.0,83.0,210.0,299.0,793.0,182.0,102.0,369.0,91.0,58.0,81.0,53.0,344.0,110.0,895.0,434.0,24.0,797.0,87.0,125.0,1258.0,43.0,188.0,16.0,308.0,602.0,76.0,34.0,339.0,165.0,275.0,186.0,30.0,238.0
2025-03-29,167.0,30.0,222.0,111.0,565.0,121.0,77.0,17.0,69.0,708.0,188.0,31.0,50.0,349.0,237.0,52.0,68.0,267.0,187.0,59.0,135.0,213.0,528.0,81.0,51.0,189.0,58.0,37.0,70.0,34.0,282.0,90.0,610.0,301.0,25.0,453.0,76.0,95.0,933.0,26.0,135.0,11.0,219.0,532.0,54.0,26.0,199.0,113.0,168.0,136.0,23.0,186.0
2025-04-05,85.0,14.0,100.0,71.0,446.0,86.0,53.0,15.0,28.0,579.0,158.0,39.0,27.0,234.0,126.0,43.0,40.0,174.0,134.0,55.0,129.0,135.0,246.0,59.0,49.0,130.0,32.0,14.0,41.0,17.0,245.0,58.0,503.0,188.0,14.0,274.0,40.0,83.0,587.0,25.0,80.0,7.0,150.0,360.0,54.0,28.0,143.0,101.0,102.0,77.0,12.0,189.0
2025-04-12,53.0,15.0,68.0,32.0,412.0,59.0,39.0,12.0,8.0,380.0,82.0,24.0,27.0,155.0,87.0,19.0,28.0,88.0,80.0,40.0,94.0,114.0,224.0,53.0,42.0,99.0,23.0,16.0,47.0,22.0,161.0,37.0,395.0,98.0,12.0,169.0,20.0,49.0,441.0,22.0,43.0,7.0,100.0,275.0,33.0,5.0,84.0,74.0,47.0,65.0,1.0,231.0
2025-04-19,50.0,7.0,81.0,28.0,340.0,40.0,34.0,9.0,7.0,328.0,62.0,24.0,13.0,156.0,52.0,11.0,20.0,49.0,69.0,23.0,61.0,86.0,179.0,38.0,28.0,100.0,16.0,13.0,41.0,22.0,134.0,31.0,281.0,60.0,14.0,105.0,16.0,42.0,347.0,17.0,34.0,10.0,59.0,257.0,27.0,12.0,56.0,42.0,26.0,40.0,3.0,182.0
2025-04-26,34.0,4.0,73.0,13.0,229.0,42.0,61.0,2.0,3.0,240.0,41.0,24.0,15.0,100.0,42.0,14.0,8.0,31.0,63.0,15.0,44.0,80.0,78.0,25.0,18.0,42.0,11.0,12.0,25.0,9.0,68.0,39.0,173.0,45.0,11.0,81.0,8.0,30.0,239.0,4.0,25.0,8.0,64.0,214.0,19.0,12.0,37.0,37.0,18.0,29.0,2.0,178.0
